INSERT INTO Department (id, name)
VALUES (1, 'Engeneering'),
       (2, 'Sales'),
       (3, 'Finance'),
       (4, 'Development'),
       (5, 'Custodial');

INSERT INTO Role (id, title, salary, department_id)
VALUES (1, 'Supervisor', 150000, 1),
       (2, 'Team_Lead', 100000, 2),
       (3, 'Senior_Employee', 85000, 3),
       (4, 'General_Employee', 60000, 4);

INSERT INTO Employee (id, first_name, last_name, role_id, manager_id)
VALUES (1, 'Mike', 'Willice', 1, NULL),
       (2, 'Joe', 'Connors', 1, NULL),
       (3, 'Sally', 'Fields', 1, NULL),
       (4, 'Sherri', 'Brown', 1, NULL),
       (5, 'Luis', 'Garcia', 1, NULL),
       (6, 'Ralph', 'Machio', 2, 1),
       (7, 'Susan', 'McCloud', 2, 1),
       (8, 'Manny', 'Longbottom', 2, 2),
       (9, 'Alvin', 'Addams', 2, 2),
       (10, 'Richard', 'Smith', 2, 3),
       (11, 'Lucas', 'Pacqueta', 2, 3),
       (12, 'Samantha', 'Wilburn', 2, 4),
       (13, 'Sandra', 'McGregor', 2, 4),
       (14, 'Simon', 'Pegg', 2, 5),
       (15, 'Michael', 'Myers', 2, 5),
       (16, 'Bruce', 'Campbell', 3, 1),
       (17, 'Dee', 'Snyder', 3, 1),
       (18, 'Gerry', 'Dee', 3, 2),
       (19, 'Alice', 'Wonderland', 3, 2),
       (20, 'Jimmy', 'Cricket', 3, 3),
       (21, 'Aldous', 'Dumbledore', 3, 3),
       (22, 'Barbara', 'Walters', 3, 4),
       (23, 'Mister', 'White', 3, 4),
       (24, 'Vince', 'McMahon', 3, 5),
       (25, 'Gordon', 'Ramsay', 3, 5),
       (26, 'Vicky', 'Flanders', 4, 1),
       (27, 'Michelle', 'Obama', 4, 1),
       (28, 'Crystal', 'Sounds', 4, 1),
       (29, 'Rizzy', 'Bizzy', 4, 1),
       (30, 'Leon', 'Kennedy', 4, 2),
       (31, 'Claire', 'Redfield', 4, 2),
       (33, 'Jill', 'Valentine', 4, 2),
       (34, 'Barry', 'Burton', 4, 2),
       (35, 'Silver', 'Surfer', 4, 3),
       (36, 'Barry', 'Allen', 4, 3),
       (37, 'Katelyn', 'Frost', 4, 3),
       (38, 'Bilbo', 'Baggins', 4, 3),
       (39, 'Gandalf', 'TheWise', 4, 4),
       (40, 'Freddy', 'Prince', 4, 4),
       (41, 'Mireal', 'Smothers', 4, 4),
       (42, 'Minnie', 'Driver', 4, 4),
       (43, 'Ronald', 'McDonald', 4, 5),
       (44, 'Sandy', 'Whirl', 4, 5),
       (45, 'Annie', 'Oakley', 4, 5),
       (46, 'Willey', 'Coyote', 4, 5),
       (47, 'Happy', 'Feet', 4, 5);